Parent Title,Parent URL,Sub-Link Title,Sub-Link URL
Salesforce Mobile App Rollout,https://trailhead.salesforce.com/en/content/learn/modules/salesforce1_rollout,Start,https://trailhead.salesforce.com/content/learn/modules/salesforce1_rollout/salesforce1_rollout_intro
Salesforce Mobile App Rollout,https://trailhead.salesforce.com/en/content/learn/modules/salesforce1_rollout,Get Started with Your Salesforce App Rollout,https://trailhead.salesforce.com/content/learn/modules/salesforce1_rollout/salesforce1_rollout_intro
Salesforce Mobile App Rollout,https://trailhead.salesforce.com/en/content/learn/modules/salesforce1_rollout,Incomplete,https://trailhead.salesforce.com/content/learn/modules/salesforce1_rollout/salesforce1_rollout_intro
Salesforce Mobile App Rollout,https://trailhead.salesforce.com/en/content/learn/modules/salesforce1_rollout,Craft Your Rollout Strategy,https://trailhead.salesforce.com/content/learn/modules/salesforce1_rollout/salesforce1_rollout_strategy
Salesforce Mobile App Rollout,https://trailhead.salesforce.com/en/content/learn/modules/salesforce1_rollout,Incomplete,https://trailhead.salesforce.com/content/learn/modules/salesforce1_rollout/salesforce1_rollout_strategy
Salesforce Mobile App Rollout,https://trailhead.salesforce.com/en/content/learn/modules/salesforce1_rollout,Become a Mobile Expert and Evangelist,https://trailhead.salesforce.com/content/learn/modules/salesforce1_rollout/salesforce1_rollout_expert
Salesforce Mobile App Rollout,https://trailhead.salesforce.com/en/content/learn/modules/salesforce1_rollout,Incomplete,https://trailhead.salesforce.com/content/learn/modules/salesforce1_rollout/salesforce1_rollout_expert
Salesforce Mobile App Rollout,https://trailhead.salesforce.com/en/content/learn/modules/salesforce1_rollout,Test Your Mobile Customizations,https://trailhead.salesforce.com/content/learn/modules/salesforce1_rollout/salesforce1_rollout_customize
Salesforce Mobile App Rollout,https://trailhead.salesforce.com/en/content/learn/modules/salesforce1_rollout,Incomplete,https://trailhead.salesforce.com/content/learn/modules/salesforce1_rollout/salesforce1_rollout_customize
Salesforce Mobile App Rollout,https://trailhead.salesforce.com/en/content/learn/modules/salesforce1_rollout,Plan Your Rollout,https://trailhead.salesforce.com/content/learn/modules/salesforce1_rollout/salesforce1_rollout_plan
Salesforce Mobile App Rollout,https://trailhead.salesforce.com/en/content/learn/modules/salesforce1_rollout,Incomplete,https://trailhead.salesforce.com/content/learn/modules/salesforce1_rollout/salesforce1_rollout_plan
Salesforce Mobile App Rollout,https://trailhead.salesforce.com/en/content/learn/modules/salesforce1_rollout,Communicate the Rollout to Your Company,https://trailhead.salesforce.com/content/learn/modules/salesforce1_rollout/salesforce1_rollout_communicate
Salesforce Mobile App Rollout,https://trailhead.salesforce.com/en/content/learn/modules/salesforce1_rollout,Incomplete,https://trailhead.salesforce.com/content/learn/modules/salesforce1_rollout/salesforce1_rollout_communicate
Salesforce Mobile App Rollout,https://trailhead.salesforce.com/en/content/learn/modules/salesforce1_rollout,Roll Out the Salesforce App to Your Users,https://trailhead.salesforce.com/content/learn/modules/salesforce1_rollout/salesforce1_rollout_go_live
Salesforce Mobile App Rollout,https://trailhead.salesforce.com/en/content/learn/modules/salesforce1_rollout,Incomplete,https://trailhead.salesforce.com/content/learn/modules/salesforce1_rollout/salesforce1_rollout_go_live
Visualforce & Lightning Experience,https://trailhead.salesforce.com/en/content/learn/modules/lex_dev_visualforce,Start,https://trailhead.salesforce.com/content/learn/modules/lex_dev_visualforce/lex_dev_visualforce_intro
Visualforce & Lightning Experience,https://trailhead.salesforce.com/en/content/learn/modules/lex_dev_visualforce,Use Visualforce in Lightning Experience,https://trailhead.salesforce.com/content/learn/modules/lex_dev_visualforce/lex_dev_visualforce_intro
Visualforce & Lightning Experience,https://trailhead.salesforce.com/en/content/learn/modules/lex_dev_visualforce,Incomplete,https://trailhead.salesforce.com/content/learn/modules/lex_dev_visualforce/lex_dev_visualforce_intro
Visualforce & Lightning Experience,https://trailhead.salesforce.com/en/content/learn/modules/lex_dev_visualforce,Develop Visualforce Pages for Lightning Experience,https://trailhead.salesforce.com/content/learn/modules/lex_dev_visualforce/lex_dev_visualforce_process
Visualforce & Lightning Experience,https://trailhead.salesforce.com/en/content/learn/modules/lex_dev_visualforce,Incomplete,https://trailhead.salesforce.com/content/learn/modules/lex_dev_visualforce/lex_dev_visualforce_process
Visualforce & Lightning Experience,https://trailhead.salesforce.com/en/content/learn/modules/lex_dev_visualforce,Explore the Visualforce App Container,https://trailhead.salesforce.com/content/learn/modules/lex_dev_visualforce/lex_dev_visualforce_container
Visualforce & Lightning Experience,https://trailhead.salesforce.com/en/content/learn/modules/lex_dev_visualforce,Incomplete,https://trailhead.salesforce.com/content/learn/modules/lex_dev_visualforce/lex_dev_visualforce_container
Visualforce & Lightning Experience,https://trailhead.salesforce.com/en/content/learn/modules/lex_dev_visualforce,Share Visualforce Pages Between Classic and Lightning Experience,https://trailhead.salesforce.com/content/learn/modules/lex_dev_visualforce/lex_dev_visualforce_multipurpose_pages
Visualforce & Lightning Experience,https://trailhead.salesforce.com/en/content/learn/modules/lex_dev_visualforce,Incomplete,https://trailhead.salesforce.com/content/learn/modules/lex_dev_visualforce/lex_dev_visualforce_multipurpose_pages
Visualforce & Lightning Experience,https://trailhead.salesforce.com/en/content/learn/modules/lex_dev_visualforce,Manage Navigation,https://trailhead.salesforce.com/content/learn/modules/lex_dev_visualforce/lex_dev_visualforce_navigation
Visualforce & Lightning Experience,https://trailhead.salesforce.com/en/content/learn/modules/lex_dev_visualforce,Incomplete,https://trailhead.salesforce.com/content/learn/modules/lex_dev_visualforce/lex_dev_visualforce_navigation
Visualforce & Lightning Experience,https://trailhead.salesforce.com/en/content/learn/modules/lex_dev_visualforce,Understand Important Visual Design Considerations,https://trailhead.salesforce.com/content/learn/modules/lex_dev_visualforce/lex_dev_visualforce_design
Visualforce & Lightning Experience,https://trailhead.salesforce.com/en/content/learn/modules/lex_dev_visualforce,Incomplete,https://trailhead.salesforce.com/content/learn/modules/lex_dev_visualforce/lex_dev_visualforce_design
Visualforce & Lightning Experience,https://trailhead.salesforce.com/en/content/learn/modules/lex_dev_visualforce,Know Which Features to Avoid in Lightning Experience,https://trailhead.salesforce.com/content/learn/modules/lex_dev_visualforce/lex_dev_visualforce_known_issues
Visualforce & Lightning Experience,https://trailhead.salesforce.com/en/content/learn/modules/lex_dev_visualforce,Incomplete,https://trailhead.salesforce.com/content/learn/modules/lex_dev_visualforce/lex_dev_visualforce_known_issues
AWS Application Deployment and Monitoring,https://trailhead.salesforce.com/en/content/learn/modules/aws-application-deployment-and-monitoring,Start,https://trailhead.salesforce.com/content/learn/modules/aws-application-deployment-and-monitoring/learn-about-the-content-delivery-network
AWS Application Deployment and Monitoring,https://trailhead.salesforce.com/en/content/learn/modules/aws-application-deployment-and-monitoring,Learn About the Content Delivery Network,https://trailhead.salesforce.com/content/learn/modules/aws-application-deployment-and-monitoring/learn-about-the-content-delivery-network
AWS Application Deployment and Monitoring,https://trailhead.salesforce.com/en/content/learn/modules/aws-application-deployment-and-monitoring,Incomplete,https://trailhead.salesforce.com/content/learn/modules/aws-application-deployment-and-monitoring/learn-about-the-content-delivery-network
AWS Application Deployment and Monitoring,https://trailhead.salesforce.com/en/content/learn/modules/aws-application-deployment-and-monitoring,Increase Efficiency with Auto Scaling,https://trailhead.salesforce.com/content/learn/modules/aws-application-deployment-and-monitoring/increase-efficiency-with-auto-scaling
AWS Application Deployment and Monitoring,https://trailhead.salesforce.com/en/content/learn/modules/aws-application-deployment-and-monitoring,Incomplete,https://trailhead.salesforce.com/content/learn/modules/aws-application-deployment-and-monitoring/increase-efficiency-with-auto-scaling
AWS Application Deployment and Monitoring,https://trailhead.salesforce.com/en/content/learn/modules/aws-application-deployment-and-monitoring,Distribute Traffic with Elastic Load Balancing,https://trailhead.salesforce.com/content/learn/modules/aws-application-deployment-and-monitoring/distribute-traffic-with-elastic-load-balancing
AWS Application Deployment and Monitoring,https://trailhead.salesforce.com/en/content/learn/modules/aws-application-deployment-and-monitoring,Incomplete,https://trailhead.salesforce.com/content/learn/modules/aws-application-deployment-and-monitoring/distribute-traffic-with-elastic-load-balancing
AWS Application Deployment and Monitoring,https://trailhead.salesforce.com/en/content/learn/modules/aws-application-deployment-and-monitoring,Stay Connected with Application Integration,https://trailhead.salesforce.com/content/learn/modules/aws-application-deployment-and-monitoring/stay-connected-with-application-integration
AWS Application Deployment and Monitoring,https://trailhead.salesforce.com/en/content/learn/modules/aws-application-deployment-and-monitoring,Incomplete,https://trailhead.salesforce.com/content/learn/modules/aws-application-deployment-and-monitoring/stay-connected-with-application-integration
AWS Application Deployment and Monitoring,https://trailhead.salesforce.com/en/content/learn/modules/aws-application-deployment-and-monitoring,Streamline Development with Management and Governance Services,https://trailhead.salesforce.com/content/learn/modules/aws-application-deployment-and-monitoring/streamline-development-with-management-and-governance-services
AWS Application Deployment and Monitoring,https://trailhead.salesforce.com/en/content/learn/modules/aws-application-deployment-and-monitoring,Incomplete,https://trailhead.salesforce.com/content/learn/modules/aws-application-deployment-and-monitoring/streamline-development-with-management-and-governance-services
AWS Application Deployment and Monitoring,https://trailhead.salesforce.com/en/content/learn/modules/aws-application-deployment-and-monitoring,Monitor Your AWS Resources,https://trailhead.salesforce.com/content/learn/modules/aws-application-deployment-and-monitoring/monitor-your-aws-resources
AWS Application Deployment and Monitoring,https://trailhead.salesforce.com/en/content/learn/modules/aws-application-deployment-and-monitoring,Incomplete,https://trailhead.salesforce.com/content/learn/modules/aws-application-deployment-and-monitoring/monitor-your-aws-resources
Salesforce B2C Commerce Third-Party Integration Strategies,https://trailhead.salesforce.com/en/content/learn/modules/b2c-integration-approaches,Start,https://trailhead.salesforce.com/content/learn/modules/b2c-integration-approaches/b2c-explore-integration-approaches
Salesforce B2C Commerce Third-Party Integration Strategies,https://trailhead.salesforce.com/en/content/learn/modules/b2c-integration-approaches,Explore Integration Approaches,https://trailhead.salesforce.com/content/learn/modules/b2c-integration-approaches/b2c-explore-integration-approaches
Salesforce B2C Commerce Third-Party Integration Strategies,https://trailhead.salesforce.com/en/content/learn/modules/b2c-integration-approaches,Incomplete,https://trailhead.salesforce.com/content/learn/modules/b2c-integration-approaches/b2c-explore-integration-approaches
Salesforce B2C Commerce Third-Party Integration Strategies,https://trailhead.salesforce.com/en/content/learn/modules/b2c-integration-approaches,Learn About the Web Services Framework,https://trailhead.salesforce.com/content/learn/modules/b2c-integration-approaches/b2c-learn-web-services-framework
Salesforce B2C Commerce Third-Party Integration Strategies,https://trailhead.salesforce.com/en/content/learn/modules/b2c-integration-approaches,Incomplete,https://trailhead.salesforce.com/content/learn/modules/b2c-integration-approaches/b2c-learn-web-services-framework
Salesforce B2C Commerce Third-Party Integration Strategies,https://trailhead.salesforce.com/en/content/learn/modules/b2c-integration-approaches,Create a Web Service,https://trailhead.salesforce.com/content/learn/modules/b2c-integration-approaches/b2c-create-web-service
Salesforce B2C Commerce Third-Party Integration Strategies,https://trailhead.salesforce.com/en/content/learn/modules/b2c-integration-approaches,Incomplete,https://trailhead.salesforce.com/content/learn/modules/b2c-integration-approaches/b2c-create-web-service
Salesforce B2C Commerce Third-Party Integration Strategies,https://trailhead.salesforce.com/en/content/learn/modules/b2c-integration-approaches,Code and Customize a Web Service,https://trailhead.salesforce.com/content/learn/modules/b2c-integration-approaches/b2c-code-customize-web-service
Salesforce B2C Commerce Third-Party Integration Strategies,https://trailhead.salesforce.com/en/content/learn/modules/b2c-integration-approaches,Incomplete,https://trailhead.salesforce.com/content/learn/modules/b2c-integration-approaches/b2c-code-customize-web-service
Salesforce B2C Commerce Third-Party Integration Strategies,https://trailhead.salesforce.com/en/content/learn/modules/b2c-integration-approaches,Ensure Integration Security,https://trailhead.salesforce.com/content/learn/modules/b2c-integration-approaches/b2c-ensure-integration-security
Salesforce B2C Commerce Third-Party Integration Strategies,https://trailhead.salesforce.com/en/content/learn/modules/b2c-integration-approaches,Incomplete,https://trailhead.salesforce.com/content/learn/modules/b2c-integration-approaches/b2c-ensure-integration-security
Salesforce B2C Commerce Third-Party Integration Strategies,https://trailhead.salesforce.com/en/content/learn/modules/b2c-integration-approaches,Explore Open Commerce API (OCAPI),https://trailhead.salesforce.com/content/learn/modules/b2c-integration-approaches/b2c-explore-ocapi
Salesforce B2C Commerce Third-Party Integration Strategies,https://trailhead.salesforce.com/en/content/learn/modules/b2c-integration-approaches,Incomplete,https://trailhead.salesforce.com/content/learn/modules/b2c-integration-approaches/b2c-explore-ocapi
Postman API Client,https://trailhead.salesforce.com/en/content/learn/modules/postman-api-client,Start,https://trailhead.salesforce.com/content/learn/modules/postman-api-client/get-started-with-postman
Postman API Client,https://trailhead.salesforce.com/en/content/learn/modules/postman-api-client,Get Started with Postman,https://trailhead.salesforce.com/content/learn/modules/postman-api-client/get-started-with-postman
Postman API Client,https://trailhead.salesforce.com/en/content/learn/modules/postman-api-client,Incomplete,https://trailhead.salesforce.com/content/learn/modules/postman-api-client/get-started-with-postman
Postman API Client,https://trailhead.salesforce.com/en/content/learn/modules/postman-api-client,Send API Calls,https://trailhead.salesforce.com/content/learn/modules/postman-api-client/send-api-calls
Postman API Client,https://trailhead.salesforce.com/en/content/learn/modules/postman-api-client,Incomplete,https://trailhead.salesforce.com/content/learn/modules/postman-api-client/send-api-calls
Postman API Client,https://trailhead.salesforce.com/en/content/learn/modules/postman-api-client,Test Responses,https://trailhead.salesforce.com/content/learn/modules/postman-api-client/test-responses
Postman API Client,https://trailhead.salesforce.com/en/content/learn/modules/postman-api-client,Incomplete,https://trailhead.salesforce.com/content/learn/modules/postman-api-client/test-responses
Postman API Client,https://trailhead.salesforce.com/en/content/learn/modules/postman-api-client,Get and Set Variables,https://trailhead.salesforce.com/content/learn/modules/postman-api-client/get-and-set-variables
Postman API Client,https://trailhead.salesforce.com/en/content/learn/modules/postman-api-client,Incomplete,https://trailhead.salesforce.com/content/learn/modules/postman-api-client/get-and-set-variables
Postman API Client,https://trailhead.salesforce.com/en/content/learn/modules/postman-api-client,Provide Authorization Credentials,https://trailhead.salesforce.com/content/learn/modules/postman-api-client/provide-authorization-credentials
Postman API Client,https://trailhead.salesforce.com/en/content/learn/modules/postman-api-client,Incomplete,https://trailhead.salesforce.com/content/learn/modules/postman-api-client/provide-authorization-credentials
Postman API Client,https://trailhead.salesforce.com/en/content/learn/modules/postman-api-client,Debug and Troubleshoot Unexpected Behavior,https://trailhead.salesforce.com/content/learn/modules/postman-api-client/debug-and-troubleshoot-unexpected-behavior
Postman API Client,https://trailhead.salesforce.com/en/content/learn/modules/postman-api-client,Incomplete,https://trailhead.salesforce.com/content/learn/modules/postman-api-client/debug-and-troubleshoot-unexpected-behavior
AppExchange App Trial Management,https://trailhead.salesforce.com/en/content/learn/modules/isv_app_trials,Start,https://trailhead.salesforce.com/content/learn/modules/isv_app_trials/isv_app_trials_learn
AppExchange App Trial Management,https://trailhead.salesforce.com/en/content/learn/modules/isv_app_trials,Learn the Advantages of a Free Trial,https://trailhead.salesforce.com/content/learn/modules/isv_app_trials/isv_app_trials_learn
AppExchange App Trial Management,https://trailhead.salesforce.com/en/content/learn/modules/isv_app_trials,Incomplete,https://trailhead.salesforce.com/content/learn/modules/isv_app_trials/isv_app_trials_learn
AppExchange App Trial Management,https://trailhead.salesforce.com/en/content/learn/modules/isv_app_trials,Decide How to Deliver Your Trial,https://trailhead.salesforce.com/content/learn/modules/isv_app_trials/isv_app_trials_decide
AppExchange App Trial Management,https://trailhead.salesforce.com/en/content/learn/modules/isv_app_trials,Incomplete,https://trailhead.salesforce.com/content/learn/modules/isv_app_trials/isv_app_trials_decide
AppExchange App Trial Management,https://trailhead.salesforce.com/en/content/learn/modules/isv_app_trials,Get Your Orgs Ready,https://trailhead.salesforce.com/content/learn/modules/isv_app_trials/isv_app_trials_ready
AppExchange App Trial Management,https://trailhead.salesforce.com/en/content/learn/modules/isv_app_trials,Incomplete,https://trailhead.salesforce.com/content/learn/modules/isv_app_trials/isv_app_trials_ready
AppExchange App Trial Management,https://trailhead.salesforce.com/en/content/learn/modules/isv_app_trials,Design Your Customer Experience,https://trailhead.salesforce.com/content/learn/modules/isv_app_trials/isv_app_trials_design
AppExchange App Trial Management,https://trailhead.salesforce.com/en/content/learn/modules/isv_app_trials,Incomplete,https://trailhead.salesforce.com/content/learn/modules/isv_app_trials/isv_app_trials_design
AppExchange App Trial Management,https://trailhead.salesforce.com/en/content/learn/modules/isv_app_trials,Deliver Your Trial,https://trailhead.salesforce.com/content/learn/modules/isv_app_trials/isv_app_trials_deliver
AppExchange App Trial Management,https://trailhead.salesforce.com/en/content/learn/modules/isv_app_trials,Incomplete,https://trailhead.salesforce.com/content/learn/modules/isv_app_trials/isv_app_trials_deliver
AppExchange Security Review,https://trailhead.salesforce.com/en/content/learn/modules/isv_security_review,Start,https://trailhead.salesforce.com/content/learn/modules/isv_security_review/isv_security_review_intro
AppExchange Security Review,https://trailhead.salesforce.com/en/content/learn/modules/isv_security_review,Understand the Need for Solution Security,https://trailhead.salesforce.com/content/learn/modules/isv_security_review/isv_security_review_intro
AppExchange Security Review,https://trailhead.salesforce.com/en/content/learn/modules/isv_security_review,Incomplete,https://trailhead.salesforce.com/content/learn/modules/isv_security_review/isv_security_review_intro
AppExchange Security Review,https://trailhead.salesforce.com/en/content/learn/modules/isv_security_review,Devise Your Security Strategy,https://trailhead.salesforce.com/content/learn/modules/isv_security_review/isv_security_review_strategy
AppExchange Security Review,https://trailhead.salesforce.com/en/content/learn/modules/isv_security_review,Incomplete,https://trailhead.salesforce.com/content/learn/modules/isv_security_review/isv_security_review_strategy
AppExchange Security Review,https://trailhead.salesforce.com/en/content/learn/modules/isv_security_review,Prepare for the Security Review,https://trailhead.salesforce.com/content/learn/modules/isv_security_review/isv_security_review_prepare
AppExchange Security Review,https://trailhead.salesforce.com/en/content/learn/modules/isv_security_review,Incomplete,https://trailhead.salesforce.com/content/learn/modules/isv_security_review/isv_security_review_prepare
AppExchange Security Review,https://trailhead.salesforce.com/en/content/learn/modules/isv_security_review,Submit Your Solution for Security Review,https://trailhead.salesforce.com/content/learn/modules/isv_security_review/isv_security_review_submit
AppExchange Security Review,https://trailhead.salesforce.com/en/content/learn/modules/isv_security_review,Incomplete,https://trailhead.salesforce.com/content/learn/modules/isv_security_review/isv_security_review_submit
AppExchange Security Review,https://trailhead.salesforce.com/en/content/learn/modules/isv_security_review,Complete the Review Process and List Your Solution,https://trailhead.salesforce.com/content/learn/modules/isv_security_review/isv_security_review_fix
AppExchange Security Review,https://trailhead.salesforce.com/en/content/learn/modules/isv_security_review,Incomplete,https://trailhead.salesforce.com/content/learn/modules/isv_security_review/isv_security_review_fix
AWS Networking,https://trailhead.salesforce.com/en/content/learn/modules/aws-networking,Start,https://trailhead.salesforce.com/content/learn/modules/aws-networking/explore-networking-on-aws
AWS Networking,https://trailhead.salesforce.com/en/content/learn/modules/aws-networking,Explore Networking on AWS,https://trailhead.salesforce.com/content/learn/modules/aws-networking/explore-networking-on-aws
AWS Networking,https://trailhead.salesforce.com/en/content/learn/modules/aws-networking,Incomplete,https://trailhead.salesforce.com/content/learn/modules/aws-networking/explore-networking-on-aws
AWS Networking,https://trailhead.salesforce.com/en/content/learn/modules/aws-networking,Discover Amazon VPC,https://trailhead.salesforce.com/content/learn/modules/aws-networking/discover-amazon-vpc
AWS Networking,https://trailhead.salesforce.com/en/content/learn/modules/aws-networking,Incomplete,https://trailhead.salesforce.com/content/learn/modules/aws-networking/discover-amazon-vpc
AWS Networking,https://trailhead.salesforce.com/en/content/learn/modules/aws-networking,Learn About Amazon VPC Routing,https://trailhead.salesforce.com/content/learn/modules/aws-networking/learn-about-amazon-vpc-routing
AWS Networking,https://trailhead.salesforce.com/en/content/learn/modules/aws-networking,Incomplete,https://trailhead.salesforce.com/content/learn/modules/aws-networking/learn-about-amazon-vpc-routing
AWS Networking,https://trailhead.salesforce.com/en/content/learn/modules/aws-networking,Get Connected With Amazon VPC Gateways,https://trailhead.salesforce.com/content/learn/modules/aws-networking/get-connected-with-amazon-vpc-gateways
AWS Networking,https://trailhead.salesforce.com/en/content/learn/modules/aws-networking,Incomplete,https://trailhead.salesforce.com/content/learn/modules/aws-networking/get-connected-with-amazon-vpc-gateways
AWS Networking,https://trailhead.salesforce.com/en/content/learn/modules/aws-networking,Secure Your Network with Amazon VPC Security,https://trailhead.salesforce.com/content/learn/modules/aws-networking/secure-your-network-with-amazon-vpc-security
AWS Networking,https://trailhead.salesforce.com/en/content/learn/modules/aws-networking,Incomplete,https://trailhead.salesforce.com/content/learn/modules/aws-networking/secure-your-network-with-amazon-vpc-security
Branded Mobile Apps with Mobile Publisher,https://trailhead.salesforce.com/en/content/learn/modules/salesforce1_branded_apps,Start,https://trailhead.salesforce.com/content/learn/modules/salesforce1_branded_apps/salesforce1_branded_apps_intro
Branded Mobile Apps with Mobile Publisher,https://trailhead.salesforce.com/en/content/learn/modules/salesforce1_branded_apps,Get Started with Mobile Publisher,https://trailhead.salesforce.com/content/learn/modules/salesforce1_branded_apps/salesforce1_branded_apps_intro
Branded Mobile Apps with Mobile Publisher,https://trailhead.salesforce.com/en/content/learn/modules/salesforce1_branded_apps,Incomplete,https://trailhead.salesforce.com/content/learn/modules/salesforce1_branded_apps/salesforce1_branded_apps_intro
Branded Mobile Apps with Mobile Publisher,https://trailhead.salesforce.com/en/content/learn/modules/salesforce1_branded_apps,Prepare Your Site and Branded Assets,https://trailhead.salesforce.com/content/learn/modules/salesforce1_branded_apps/salesforce1_branded_apps_create
Branded Mobile Apps with Mobile Publisher,https://trailhead.salesforce.com/en/content/learn/modules/salesforce1_branded_apps,Incomplete,https://trailhead.salesforce.com/content/learn/modules/salesforce1_branded_apps/salesforce1_branded_apps_create
Branded Mobile Apps with Mobile Publisher,https://trailhead.salesforce.com/en/content/learn/modules/salesforce1_branded_apps,Create Your Branded App,https://trailhead.salesforce.com/content/learn/modules/salesforce1_branded_apps/salesforce1_branded_apps_submit
Branded Mobile Apps with Mobile Publisher,https://trailhead.salesforce.com/en/content/learn/modules/salesforce1_branded_apps,Incomplete,https://trailhead.salesforce.com/content/learn/modules/salesforce1_branded_apps/salesforce1_branded_apps_submit
Branded Mobile Apps with Mobile Publisher,https://trailhead.salesforce.com/en/content/learn/modules/salesforce1_branded_apps,Test and Submit the App,https://trailhead.salesforce.com/content/learn/modules/salesforce1_branded_apps/test-and-submit-the-app
Branded Mobile Apps with Mobile Publisher,https://trailhead.salesforce.com/en/content/learn/modules/salesforce1_branded_apps,Incomplete,https://trailhead.salesforce.com/content/learn/modules/salesforce1_branded_apps/test-and-submit-the-app
Branded Mobile Apps with Mobile Publisher,https://trailhead.salesforce.com/en/content/learn/modules/salesforce1_branded_apps,Maintain the App,https://trailhead.salesforce.com/content/learn/modules/salesforce1_branded_apps/salesforce1_branded_apps_maintain
Branded Mobile Apps with Mobile Publisher,https://trailhead.salesforce.com/en/content/learn/modules/salesforce1_branded_apps,Incomplete,https://trailhead.salesforce.com/content/learn/modules/salesforce1_branded_apps/salesforce1_branded_apps_maintain
CRM Analytics Administration Basics,https://trailhead.salesforce.com/en/content/learn/modules/wave_enable_setup,Continue,https://trailhead.salesforce.com/content/learn/modules/wave_enable_setup/wave_move_on_up_to_apps
CRM Analytics Administration Basics,https://trailhead.salesforce.com/en/content/learn/modules/wave_enable_setup,Learn About CRM Analytics Setup,https://trailhead.salesforce.com/content/learn/modules/wave_enable_setup/wave_spread_the_word
CRM Analytics Administration Basics,https://trailhead.salesforce.com/en/content/learn/modules/wave_enable_setup,Assign Permissions,https://trailhead.salesforce.com/content/learn/modules/wave_enable_setup/wave_set_up_permissions
CRM Analytics Administration Basics,https://trailhead.salesforce.com/en/content/learn/modules/wave_enable_setup,Select and Enable CRM Analytics Features,https://trailhead.salesforce.com/content/learn/modules/wave_enable_setup/wave_enable_other_cool_stuff
CRM Analytics Administration Basics,https://trailhead.salesforce.com/en/content/learn/modules/wave_enable_setup,Control Access and Secure Your Data,https://trailhead.salesforce.com/content/learn/modules/wave_enable_setup/wave_think_about_security_and_data_access
CRM Analytics Administration Basics,https://trailhead.salesforce.com/en/content/learn/modules/wave_enable_setup,Set Up CRM Analytics Apps,https://trailhead.salesforce.com/content/learn/modules/wave_enable_setup/wave_move_on_up_to_apps
CRM Analytics Administration Basics,https://trailhead.salesforce.com/en/content/learn/modules/wave_enable_setup,Incomplete,https://trailhead.salesforce.com/content/learn/modules/wave_enable_setup/wave_move_on_up_to_apps
